	Xm	Ym	Species	Light	Where	Photo
1	30.335	0.547	E. cyaneus	Y	R	P6163060
2	17.163	0.775	E. cyaneus	Y	R	P6163060
3	3.517	1.069	E. cyaneus	Y	R	P6163060
4	6.308	1.134	E. cyaneus	Y	R	P6163060
5	23.806	1.755	E. cyaneus	Y	R	P6163060
6	33.909	2.799	E. cyaneus	Y	R	P6163060
7	5.558	3.011	E. cyaneus	Y	R	P6163060
8	32.326	3.648	E. cyaneus	Y	R	P6163060
9	38.757	4.578	E. cyaneus	Y	R	P6163060
10	4.578	4.774	E. cyaneus	Y	R	P6163060
11	3.713	5.443	E. cyaneus	Y	R	P6163060
12	4.170	5.884	E. cyaneus	Y	R	P6163060
13	10.650	6.015	E. cyaneus	Y	R	P6163060
14	13.915	6.341	E. cyaneus	Y	R	P6163060
15	6.537	6.390	E. cyaneus	Y	R	P6163060
16	7.826	6.896	E. cyaneus	Y	R	P6163060
17	14.910	7.353	E. cyaneus	Y	R	P6163060
18	17.244	7.549	E. cyaneus	Y	R	P6163060
19	13.670	7.859	E. cyaneus	Y	R	P6163060
20	7.696	7.990	E. cyaneus	Y	R	P6163060
1	16.085	0.726	E. cyaneus	B	R	P6163061
2	35.166	0.792	E. cyaneus	B	R	P6163061
3	5.656	1.689	E. cyaneus	B	R	P6163061
4	0.661	1.983	E. cyaneus	B	R	P6163061
5	4.317	2.554	E. cyaneus	B	R	P6163061
6	4.578	3.599	E. cyaneus	B	R	P6163061
7	57.184	3.795	E. cyaneus	B	R	P6163061
8	5.803	4.023	E. cyaneus	B	R	P6163061
9	57.560	4.138	E. cyaneus	B	R	P6163061
10	12.152	5.052	E. cyaneus	B	R	P6163061
11	6.439	5.150	E. cyaneus	B	R	P6163061
12	51.945	5.362	E. cyaneus	B	R	P6163061
13	9.948	5.884	E. cyaneus	B	R	P6163061
14	2.750	6.243	E. cyaneus	B	R	P6163061
15	3.779	6.912	E. cyaneus	B	R	P6163061
16	6.831	7.451	E. cyaneus	B	R	P6163061
17	16.918	7.565	E. cyaneus	B	R	P6163061
18	4.236	7.761	E. cyaneus	B	R	P6163061
19	36.766	7.810	E. cyaneus	B	R	P6163061
20	6.096	8.088	E. cyaneus	B	R	P6163061
1	8.392	0.336	E. cyaneus	R	R	P6163063
2	47.350	0.418	E. cyaneus	R	R	P6163063
3	6.575	1.138	E. cyaneus	R	R	P6163063
5	4.430	2.203	E. cyaneus	R	R	P6163063
6	18.218	2.203	E. cyaneus	R	R	P6163063
7	22.197	2.972	E. cyaneus	R	R	P6163063
8	5.314	3.644	E. cyaneus	R	R	P6163063
9	30.172	4.118	E. cyaneus	R	R	P6163063
10	43.960	4.544	E. cyaneus	R	R	P6163063
11	6.264	5.674	E. cyaneus	R	R	P6163063
12	2.366	5.985	E. cyaneus	R	R	P6163063
13	21.902	6.182	E. cyaneus	R	R	P6163063
14	20.003	6.706	E. cyaneus	R	R	P6163063
15	51.116	7.082	E. cyaneus	R	R	P6163063
16	19.970	7.590	E. cyaneus	R	R	P6163063
17	51.133	7.999	E. cyaneus	R	R	P6163063
18	8.835	8.130	E. cyaneus	R	R	P6163063
19	19.904	8.245	E. cyaneus	R	R	P6163063
20	47.612	8.278	E. cyaneus	R	R	P6163063
21	36.984	8.360	E. cyaneus	R	R	P6163063
1	4.299	0.680	E. cyaneus	G	R	P6163064
2	5.183	0.712	E. cyaneus	G	R	P6163064
3	8.835	0.892	E. cyaneus	G	R	P6163064
4	9.375	0.909	E. cyaneus	G	R	P6163064
5	5.314	1.138	E. cyaneus	G	R	P6163064
6	3.070	2.104	E. cyaneus	G	R	P6163064
7	5.085	2.645	E. cyaneus	G	R	P6163064
8	56.684	3.201	E. cyaneus	G	R	P6163064
9	5.052	3.332	E. cyaneus	G	R	P6163064
10	2.939	5.216	E. cyaneus	G	R	P6163064
11	22.001	5.822	E. cyaneus	G	R	P6163064
12	6.820	6.133	E. cyaneus	G	R	P6163064
13	8.605	6.395	E. cyaneus	G	R	P6163064
14	3.382	6.624	E. cyaneus	G	R	P6163064
15	10.636	7.361	E. cyaneus	G	R	P6163064
16	15.827	7.656	E. cyaneus	G	R	P6163064
17	6.296	7.737	E. cyaneus	G	R	P6163064
18	51.853	7.770	E. cyaneus	G	R	P6163064
19	9.178	7.950	E. cyaneus	G	R	P6163064
20	23.867	8.081	E. cyaneus	G	R	P6163064
1	18.325	0.449	E. cyaneus	K	K	P6163065
2	17.034	0.956	E. cyaneus	K	K	P6163065
3	55.433	1.446	E. cyaneus	K	K	P6163065
4	13.766	1.560	E. cyaneus	K	K	P6163065
5	4.028	1.691	E. cyaneus	K	K	P6163065
6	29.371	1.920	E. cyaneus	K	K	P6163065
7	5.090	2.770	E. cyaneus	K	K	P6163065
8	56.577	3.276	E. cyaneus	K	K	P6163065
9	4.109	3.292	E. cyaneus	K	K	P6163065
10	6.479	3.864	E. cyaneus	K	K	P6163065
11	49.681	4.436	E. cyaneus	K	K	P6163065
12	54.502	4.567	E. cyaneus	K	K	P6163065
13	6.724	4.910	E. cyaneus	K	K	P6163065
14	56.070	4.926	E. cyaneus	K	K	P6163065
15	31.462	4.943	E. cyaneus	K	K	P6163065
16	49.698	5.204	E. cyaneus	K	K	P6163065
17	48.423	5.596	E. cyaneus	K	K	P6163065
18	35.449	6.871	E. cyaneus	K	K	P6163065
19	30.466	7.410	E. cyaneus	K	K	P6163065
20	18.292	7.966	E. cyaneus	K	K	P6163065
1	55.863	0.824	E. cyaneus	G	L	P6163066
2	2.994	0.906	E. cyaneus	G	L	P6163066
3	40.525	1.575	E. cyaneus	G	L	P6163066
4	6.160	1.803	E. cyaneus	G	L	P6163066
5	58.034	1.950	E. cyaneus	G	L	P6163066
6	53.171	1.999	E. cyaneus	G	L	P6163066
7	55.619	2.391	E. cyaneus	G	L	P6163066
8	48.308	2.978	E. cyaneus	G	L	P6163066
9	56.924	3.353	E. cyaneus	G	L	P6163066
10	51.735	3.810	E. cyaneus	G	L	P6163066
11	55.798	3.875	E. cyaneus	G	L	P6163066
12	55.863	4.528	E. cyaneus	G	L	P6163066
13	56.500	5.475	E. cyaneus	G	L	P6163066
14	56.337	5.915	E. cyaneus	G	L	P6163066
15	49.761	6.225	E. cyaneus	G	L	P6163066
16	55.178	6.290	E. cyaneus	G	L	P6163066
17	56.777	6.617	E. cyaneus	G	L	P6163066
18	52.061	7.465	E. cyaneus	G	L	P6163066
19	42.875	7.775	E. cyaneus	G	L	P6163066
20	14.286	7.955	E. cyaneus	G	L	P6163066
1	54.520	1.181	E. cyaneus	Y	L	P6163067
2	47.239	1.246	E. cyaneus	Y	L	P6163067
3	47.386	1.832	E. cyaneus	Y	L	P6163067
4	50.985	2.174	E. cyaneus	Y	L	P6163067
5	55.301	2.207	E. cyaneus	Y	L	P6163067
6	57.956	2.712	E. cyaneus	Y	L	P6163067
7	55.643	3.331	E. cyaneus	Y	L	P6163067
8	45.350	3.575	E. cyaneus	Y	L	P6163067
9	7.858	3.689	E. cyaneus	Y	L	P6163067
10	57.272	3.705	E. cyaneus	Y	L	P6163067
11	51.360	3.738	E. cyaneus	Y	L	P6163067
12	51.490	4.064	E. cyaneus	Y	L	P6163067
13	55.822	4.178	E. cyaneus	Y	L	P6163067
14	45.562	4.406	E. cyaneus	Y	L	P6163067
17	53.249	5.171	E. cyaneus	Y	L	P6163067
18	54.536	5.187	E. cyaneus	Y	L	P6163067
19	54.015	6.213	E. cyaneus	Y	L	P6163067
20	43.982	6.474	E. cyaneus	Y	L	P6163067
21	38.086	6.946	E. cyaneus	Y	L	P6163067
22	5.676	8.217	E. cyaneus	Y	L	P6163067
1	50.274	0.530	E. cyaneus	B	L	P6163068
2	45.758	0.628	E. cyaneus	B	L	P6163068
3	53.389	0.660	E. cyaneus	B	L	P6163068
4	50.062	0.840	E. cyaneus	B	L	P6163068
5	54.791	2.454	E. cyaneus	B	L	P6163068
6	53.242	2.584	E. cyaneus	B	L	P6163068
7	56.030	2.780	E. cyaneus	B	L	P6163068
8	35.633	2.976	E. cyaneus	B	L	P6163068
9	53.389	3.122	E. cyaneus	B	L	P6163068
10	52.166	3.285	E. cyaneus	B	L	P6163068
11	54.106	3.334	E. cyaneus	B	L	P6163068
12	57.253	3.611	E. cyaneus	B	L	P6163068
13	54.008	4.133	E. cyaneus	B	L	P6163068
14	54.155	4.573	E. cyaneus	B	L	P6163068
15	54.693	4.736	E. cyaneus	B	L	P6163068
16	53.633	5.095	E. cyaneus	B	L	P6163068
17	55.410	5.274	E. cyaneus	B	L	P6163068
18	5.519	5.649	E. cyaneus	B	L	P6163068
19	46.753	7.361	E. cyaneus	B	L	P6163068
20	54.905	7.508	E. cyaneus	B	L	P6163068
1	49.688	0.367	E. cyaneus	R	L	P6163069
2	48.938	0.399	E. cyaneus	R	L	P6163069
3	54.970	1.410	E. cyaneus	R	L	P6163069
4	27.139	1.459	E. cyaneus	R	L	P6163069
5	24.986	2.193	E. cyaneus	R	L	P6163069
6	55.492	2.519	E. cyaneus	R	L	P6163069
7	56.845	2.568	E. cyaneus	R	L	P6163069
8	8.812	2.910	E. cyaneus	R	L	P6163069
9	53.356	3.302	E. cyaneus	R	L	P6163069
10	53.976	3.660	E. cyaneus	R	L	P6163069
11	13.736	3.758	E. cyaneus	R	L	P6163069
12	57.253	3.823	E. cyaneus	R	L	P6163069
13	52.182	4.280	E. cyaneus	R	L	P6163069
14	30.595	4.834	E. cyaneus	R	L	P6163069
15	52.052	5.927	E. cyaneus	R	L	P6163069
16	37.997	6.139	E. cyaneus	R	L	P6163069
17	55.019	6.318	E. cyaneus	R	L	P6163069
18	52.867	6.334	E. cyaneus	R	L	P6163069
19	28.476	6.986	E. cyaneus	R	L	P6163069
20	52.720	8.226	E. cyaneus	R	L	P6163069
1	25.681	0.919	E. cyaneus	R	R	P6163070
2	17.156	1.342	E. cyaneus	R	R	P6163070
3	6.874	1.456	E. cyaneus	R	R	P6163070
4	5.898	1.537	E. cyaneus	R	R	P6163070
5	7.752	1.781	E. cyaneus	R	R	P6163070
6	5.377	1.879	E. cyaneus	R	R	P6163070
7	6.809	2.823	E. cyaneus	R	R	P6163070
8	56.657	3.799	E. cyaneus	R	R	P6163070
9	7.720	4.075	E. cyaneus	R	R	P6163070
10	17.546	4.336	E. cyaneus	R	R	P6163070
11	10.632	4.629	E. cyaneus	R	R	P6163070
12	6.060	4.742	E. cyaneus	R	R	P6163070
13	6.255	5.068	E. cyaneus	R	R	P6163070
14	10.420	5.279	E. cyaneus	R	R	P6163070
15	7.297	5.475	E. cyaneus	R	R	P6163070
16	20.735	5.670	E. cyaneus	R	R	P6163070
17	6.255	6.076	E. cyaneus	R	R	P6163070
18	3.392	6.857	E. cyaneus	R	R	P6163070
19	51.125	6.922	E. cyaneus	R	R	P6163070
20	8.110	8.419	E. cyaneus	R	R	P6163070
1	30.515	0.564	E. cyaneus	Y	R	P6163071
2	5.619	0.695	E. cyaneus	Y	R	P6163071
3	7.991	1.055	E. cyaneus	Y	R	P6163071
4	9.201	2.004	E. cyaneus	Y	R	P6163071
5	7.844	2.969	E. cyaneus	Y	R	P6163071
6	6.977	3.018	E. cyaneus	Y	R	P6163071
7	56.769	3.443	E. cyaneus	Y	R	P6163071
8	10.919	3.509	E. cyaneus	Y	R	P6163071
9	26.344	3.558	E. cyaneus	Y	R	P6163071
10	6.846	3.738	E. cyaneus	Y	R	P6163071
11	6.388	4.228	E. cyaneus	Y	R	P6163071
12	5.504	4.572	E. cyaneus	Y	R	P6163071
13	5.521	5.014	E. cyaneus	Y	R	P6163071
14	6.240	5.472	E. cyaneus	Y	R	P6163071
15	4.392	5.619	E. cyaneus	Y	R	P6163071
16	54.806	5.864	E. cyaneus	Y	R	P6163071
17	5.144	6.486	E. cyaneus	Y	R	P6163071
18	43.781	6.551	E. cyaneus	Y	R	P6163071
19	8.563	7.647	E. cyaneus	Y	R	P6163071
20	5.308	7.729	E. cyaneus	Y	R	P6163071
1	8.470	0.367	E. cyaneus	G	R	P6163072
2	10.361	0.514	E. cyaneus	G	R	P6163072
3	5.764	0.644	E. cyaneus	G	R	P6163072
4	7.932	2.046	E. cyaneus	G	R	P6163072
5	6.872	2.095	E. cyaneus	G	R	P6163072
6	52.867	4.101	E. cyaneus	G	R	P6163072
7	21.856	4.378	E. cyaneus	G	R	P6163072
8	38.764	4.378	E. cyaneus	G	R	P6163072
9	25.345	4.541	E. cyaneus	G	R	P6163072
10	5.601	4.639	E. cyaneus	G	R	P6163072
11	3.921	4.785	E. cyaneus	G	R	P6163072
12	6.171	4.818	E. cyaneus	G	R	P6163072
13	5.829	5.046	E. cyaneus	G	R	P6163072
14	21.742	5.340	E. cyaneus	G	R	P6163072
15	6.318	5.633	E. cyaneus	G	R	P6163072
16	4.899	6.595	E. cyaneus	G	R	P6163072
17	9.611	6.774	E. cyaneus	G	R	P6163072
18	2.976	6.872	E. cyaneus	G	R	P6163072
19	41.128	7.035	E. cyaneus	G	R	P6163072
20	43.834	7.264	E. cyaneus	G	R	P6163072
1	13.151	0.497	E. cyaneus	B	R	P6163073
2	19.145	0.741	E. cyaneus	B	R	P6163073
3	2.907	0.757	E. cyaneus	B	R	P6163073
4	4.373	2.239	E. cyaneus	B	R	P6163073
5	3.917	2.712	E. cyaneus	B	R	P6163073
6	28.803	2.809	E. cyaneus	B	R	P6163073
7	10.513	3.591	E. cyaneus	B	R	P6163073
8	6.116	4.112	E. cyaneus	B	R	P6163073
9	6.914	4.471	E. cyaneus	B	R	P6163073
10	5.676	4.601	E. cyaneus	B	R	P6163073
11	6.311	6.164	E. cyaneus	B	R	P6163073
12	6.653	6.164	E. cyaneus	B	R	P6163073
13	7.337	6.458	E. cyaneus	B	R	P6163073
14	3.005	6.490	E. cyaneus	B	R	P6163073
15	3.607	6.490	E. cyaneus	B	R	P6163073
16	6.979	6.621	E. cyaneus	B	R	P6163073
17	18.477	7.272	E. cyaneus	B	R	P6163073
18	4.764	7.809	E. cyaneus	B	R	P6163073
19	56.132	7.875	E. cyaneus	B	R	P6163073
20	12.533	8.314	E. cyaneus	B	R	P6163073
1	18.721	1.148	E. cyaneus	K	K	P6163074
2	55.269	1.507	E. cyaneus	K	K	P6163074
3	24.715	1.572	E. cyaneus	K	K	P6163074
4	56.230	2.239	E. cyaneus	K	K	P6163074
5	52.109	2.695	E. cyaneus	K	K	P6163074
6	47.533	2.907	E. cyaneus	K	K	P6163074
7	42.809	2.972	E. cyaneus	K	K	P6163074
8	56.523	3.347	E. cyaneus	K	K	P6163074
9	7.256	3.493	E. cyaneus	K	K	P6163074
10	6.897	3.933	E. cyaneus	K	K	P6163074
11	7.305	4.259	E. cyaneus	K	K	P6163074
12	4.829	4.992	E. cyaneus	K	K	P6163074
13	20.790	5.090	E. cyaneus	K	K	P6163074
14	6.458	5.252	E. cyaneus	K	K	P6163074
15	28.363	5.741	E. cyaneus	K	K	P6163074
16	12.158	6.539	E. cyaneus	K	K	P6163074
17	7.419	6.572	E. cyaneus	K	K	P6163074
18	46.718	7.337	E. cyaneus	K	K	P6163074
19	30.920	7.679	E. cyaneus	K	K	P6163074
20	7.011	8.005	E. cyaneus	K	K	P6163074
1	10.378	0.318	E. cyaneus	R	L	P6163075
2	48.530	0.530	E. cyaneus	R	L	P6163075
3	31.899	0.579	E. cyaneus	R	L	P6163075
4	56.438	1.443	E. cyaneus	R	L	P6163075
5	51.660	1.802	E. cyaneus	R	L	P6163075
6	53.062	2.030	E. cyaneus	R	L	P6163075
7	57.481	2.079	E. cyaneus	R	L	P6163075
8	40.476	2.226	E. cyaneus	R	L	P6163075
9	56.649	3.497	E. cyaneus	R	L	P6163075
10	21.008	3.693	E. cyaneus	R	L	P6163075
11	14.177	3.889	E. cyaneus	R	L	P6163075
12	56.372	4.117	E. cyaneus	R	L	P6163075
13	53.780	4.149	E. cyaneus	R	L	P6163075
14	4.753	5.584	E. cyaneus	R	L	P6163075
15	10.948	5.845	E. cyaneus	R	L	P6163075
16	52.932	7.508	E. cyaneus	R	L	P6163075
17	13.688	7.606	E. cyaneus	R	L	P6163075
18	42.465	7.671	E. cyaneus	R	L	P6163075
19	53.421	8.177	E. cyaneus	R	L	P6163075
20	18.726	8.258	E. cyaneus	R	L	P6163075
1	39.834	0.253	E. cyaneus	Y	L	P6163076
2	53.648	0.465	E. cyaneus	Y	L	P6163076
3	22.433	0.709	E. cyaneus	Y	L	P6163076
4	56.420	0.807	E. cyaneus	Y	L	P6163076
5	52.522	0.987	E. cyaneus	Y	L	P6163076
6	56.208	1.101	E. cyaneus	Y	L	P6163076
7	16.105	1.427	E. cyaneus	Y	L	P6163076
8	52.001	1.786	E. cyaneus	Y	L	P6163076
9	13.512	2.503	E. cyaneus	Y	L	P6163076
10	55.996	2.569	E. cyaneus	Y	L	P6163076
11	56.567	2.683	E. cyaneus	Y	L	P6163076
12	57.546	3.531	E. cyaneus	Y	L	P6163076
13	47.124	5.618	E. cyaneus	Y	L	P6163076
14	53.762	5.651	E. cyaneus	Y	L	P6163076
15	56.975	6.010	E. cyaneus	Y	L	P6163076
16	50.468	6.140	E. cyaneus	Y	L	P6163076
17	41.644	6.434	E. cyaneus	Y	L	P6163076
18	24.912	6.613	E. cyaneus	Y	L	P6163076
19	23.411	7.461	E. cyaneus	Y	L	P6163076
20	4.966	7.755	E. cyaneus	Y	L	P6163076
1	20.166	0.465	E. cyaneus	G	L	P6163077
2	53.137	0.792	E. cyaneus	G	L	P6163077
3	30.122	1.004	E. cyaneus	G	L	P6163077
4	54.475	1.167	E. cyaneus	G	L	P6163077
5	55.634	1.902	E. cyaneus	G	L	P6163077
6	57.592	2.310	E. cyaneus	G	L	P6163077
7	53.936	2.930	E. cyaneus	G	L	P6163077
8	54.263	3.011	E. cyaneus	G	L	P6163077
9	55.634	3.224	E. cyaneus	G	L	P6163077
10	54.671	4.138	E. cyaneus	G	L	P6163077
11	54.736	4.497	E. cyaneus	G	L	P6163077
12	54.165	4.644	E. cyaneus	G	L	P6163077
13	52.435	5.803	E. cyaneus	G	L	P6163077
14	57.054	5.949	E. cyaneus	G	L	P6163077
15	57.397	6.178	E. cyaneus	G	L	P6163077
16	56.923	6.782	E. cyaneus	G	L	P6163077
17	38.773	7.353	E. cyaneus	G	L	P6163077
18	53.643	7.631	E. cyaneus	G	L	P6163077
19	31.575	7.843	E. cyaneus	G	L	P6163077
20	55.144	8.186	E. cyaneus	G	L	P6163077
1	51.574	0.983	E. cyaneus	B	L	P6163078
2	54.840	1.016	E. cyaneus	B	L	P6163078
3	52.679	1.194	E. cyaneus	B	L	P6163078
4	51.606	1.341	E. cyaneus	B	L	P6163078
5	56.335	1.503	E. cyaneus	B	L	P6163078
6	44.781	2.072	E. cyaneus	B	L	P6163078
7	8.849	2.901	E. cyaneus	B	L	P6163078
8	53.816	3.242	E. cyaneus	B	L	P6163078
9	57.798	3.583	E. cyaneus	B	L	P6163078
10	33.226	3.778	E. cyaneus	B	L	P6163078
11	53.670	3.941	E. cyaneus	B	L	P6163078
12	20.290	4.640	E. cyaneus	B	L	P6163078
13	54.141	5.014	E. cyaneus	B	L	P6163078
14	55.572	5.290	E. cyaneus	B	L	P6163078
15	55.181	5.875	E. cyaneus	B	L	P6163078
16	56.872	6.574	E. cyaneus	B	L	P6163078
17	56.790	6.947	E. cyaneus	B	L	P6163078
18	53.118	7.874	E. cyaneus	B	L	P6163078
19	39.174	7.939	E. cyaneus	B	L	P6163078
20	43.107	7.955	E. cyaneus	B	L	P6163078
1	5.812	0.889	E. cyaneus	B	R	P6163079
2	4.851	1.182	E. cyaneus	B	R	P6163079
3	5.649	1.541	E. cyaneus	B	R	P6163079
4	4.476	2.323	E. cyaneus	B	R	P6163079
5	6.236	3.432	E. cyaneus	B	R	P6163079
6	39.465	4.443	E. cyaneus	B	R	P6163079
7	4.639	4.557	E. cyaneus	B	R	P6163079
8	8.617	5.258	E. cyaneus	B	R	P6163079
9	5.780	5.666	E. cyaneus	B	R	P6163079
10	57.807	5.861	E. cyaneus	B	R	P6163079
11	7.215	5.910	E. cyaneus	B	R	P6163079
12	6.628	5.943	E. cyaneus	B	R	P6163079
13	5.812	6.008	E. cyaneus	B	R	P6163079
14	4.443	6.399	E. cyaneus	B	R	P6163079
15	4.965	6.481	E. cyaneus	B	R	P6163079
16	4.541	7.606	E. cyaneus	B	R	P6163079
17	16.133	7.704	E. cyaneus	B	R	P6163079
18	8.780	7.736	E. cyaneus	B	R	P6163079
19	16.916	7.932	E. cyaneus	B	R	P6163079
20	30.269	8.030	E. cyaneus	B	R	P6163079
1	32.728	0.415	E. cyaneus	G	R	P6163080
2	5.578	0.822	E. cyaneus	G	R	P6163080
3	2.972	0.871	E. cyaneus	G	R	P6163080
4	6.327	1.148	E. cyaneus	G	R	P6163080
5	14.471	1.213	E. cyaneus	G	R	P6163080
6	5.057	1.393	E. cyaneus	G	R	P6163080
7	6.588	2.093	E. cyaneus	G	R	P6163080
8	3.787	2.191	E. cyaneus	G	R	P6163080
9	2.940	3.103	E. cyaneus	G	R	P6163080
10	12.728	4.047	E. cyaneus	G	R	P6163080
11	5.008	4.438	E. cyaneus	G	R	P6163080
12	4.096	4.927	E. cyaneus	G	R	P6163080
13	4.601	5.936	E. cyaneus	G	R	P6163080
14	16.865	7.158	E. cyaneus	G	R	P6163080
15	6.018	7.191	E. cyaneus	G	R	P6163080
16	4.715	7.419	E. cyaneus	G	R	P6163080
17	30.464	7.728	E. cyaneus	G	R	P6163080
18	4.080	7.956	E. cyaneus	G	R	P6163080
19	5.350	7.989	E. cyaneus	G	R	P6163080
20	5.480	8.412	E. cyaneus	G	R	P6163080
1	14.069	0.514	E. cyaneus	Y	R	P6163081
2	3.813	0.759	E. cyaneus	Y	R	P6163081
3	4.548	1.217	E. cyaneus	Y	R	P6163081
4	18.348	1.968	E. cyaneus	Y	R	P6163081
5	6.296	2.752	E. cyaneus	Y	R	P6163081
6	49.426	2.899	E. cyaneus	Y	R	P6163081
7	6.900	2.948	E. cyaneus	Y	R	P6163081
8	8.533	3.503	E. cyaneus	Y	R	P6163081
9	12.779	4.303	E. cyaneus	Y	R	P6163081
10	13.465	5.218	E. cyaneus	Y	R	P6163081
11	37.030	5.463	E. cyaneus	Y	R	P6163081
12	54.766	6.345	E. cyaneus	Y	R	P6163081
13	8.059	6.492	E. cyaneus	Y	R	P6163081
14	7.700	6.769	E. cyaneus	Y	R	P6163081
15	2.948	7.177	E. cyaneus	Y	R	P6163081
16	35.985	7.194	E. cyaneus	Y	R	P6163081
17	9.954	7.226	E. cyaneus	Y	R	P6163081
18	47.858	7.324	E. cyaneus	Y	R	P6163081
19	36.590	7.455	E. cyaneus	Y	R	P6163081
20	21.402	7.667	E. cyaneus	Y	R	P6163081
1	31.474	0.448	E. cyaneus	R	R	P6163082
2	7.467	0.497	E. cyaneus	R	R	P6163082
3	47.305	1.816	E. cyaneus	R	R	P6163082
4	7.288	2.256	E. cyaneus	R	R	P6163082
5	8.445	2.614	E. cyaneus	R	R	P6163082
6	5.871	2.891	E. cyaneus	R	R	P6163082
7	4.080	3.070	E. cyaneus	R	R	P6163082
8	8.347	3.151	E. cyaneus	R	R	P6163082
9	56.669	3.510	E. cyaneus	R	R	P6163082
10	6.360	3.656	E. cyaneus	R	R	P6163082
11	42.467	3.754	E. cyaneus	R	R	P6163082
12	14.259	3.803	E. cyaneus	R	R	P6163082
13	22.712	3.884	E. cyaneus	R	R	P6163082
14	7.858	5.024	E. cyaneus	R	R	P6163082
15	8.884	6.002	E. cyaneus	R	R	P6163082
16	26.572	6.425	E. cyaneus	R	R	P6163082
17	6.409	7.207	E. cyaneus	R	R	P6163082
18	46.555	7.321	E. cyaneus	R	R	P6163082
19	18.151	7.370	E. cyaneus	R	R	P6163082
20	55.871	8.070	E. cyaneus	R	R	P6163082
1	56.283	0.629	E. cyaneus	K	K	P6163083
2	6.969	0.858	E. cyaneus	K	K	P6163083
3	44.142	0.989	E. cyaneus	K	K	P6163083
4	51.217	1.005	E. cyaneus	K	K	P6163083
5	5.498	1.348	E. cyaneus	K	K	P6163083
6	13.848	2.279	E. cyaneus	K	K	P6163083
7	22.900	2.475	E. cyaneus	K	K	P6163083
8	53.554	2.541	E. cyaneus	K	K	P6163083
9	4.060	2.639	E. cyaneus	K	K	P6163083
10	20.188	2.786	E. cyaneus	K	K	P6163083
11	57.508	3.031	E. cyaneus	K	K	P6163083
12	15.172	3.047	E. cyaneus	K	K	P6163083
13	48.047	3.815	E. cyaneus	K	K	P6163083
14	54.257	3.897	E. cyaneus	K	K	P6163083
15	21.087	5.547	E. cyaneus	K	K	P6163083
16	52.655	6.201	E. cyaneus	K	K	P6163083
17	16.185	7.426	E. cyaneus	K	K	P6163083
18	44.959	7.655	E. cyaneus	K	K	P6163083
19	34.142	8.064	E. cyaneus	K	K	P6163083
20	14.158	8.325	E. cyaneus	K	K	P6163083
1	51.295	0.562	E. cyaneus	B	L	P6163084
2	54.487	0.741	E. cyaneus	B	L	P6163084
3	51.897	1.132	E. cyaneus	B	L	P6163084
4	57.272	1.230	E. cyaneus	B	L	P6163084
5	55.871	1.458	E. cyaneus	B	L	P6163084
6	50.041	1.735	E. cyaneus	B	L	P6163084
7	44.243	2.223	E. cyaneus	B	L	P6163084
8	53.868	3.184	E. cyaneus	B	L	P6163084
9	35.953	3.819	E. cyaneus	B	L	P6163084
10	52.907	3.982	E. cyaneus	B	L	P6163084
11	53.526	4.357	E. cyaneus	B	L	P6163084
12	53.151	4.699	E. cyaneus	B	L	P6163084
13	53.950	5.073	E. cyaneus	B	L	P6163084
14	27.386	5.106	E. cyaneus	B	L	P6163084
15	49.259	5.936	E. cyaneus	B	L	P6163084
16	8.005	6.360	E. cyaneus	B	L	P6163084
17	39.927	6.783	E. cyaneus	B	L	P6163084
18	53.070	6.881	E. cyaneus	B	L	P6163084
19	34.080	7.419	E. cyaneus	B	L	P6163084
20	53.884	7.500	E. cyaneus	B	L	P6163084
1	50.861	0.734	E. cyaneus	G	L	P6163085
2	53.223	0.886	E. cyaneus	G	L	P6163085
3	51.012	1.810	E. cyaneus	G	L	P6163085
4	53.435	1.825	E. cyaneus	G	L	P6163085
5	54.026	2.097	E. cyaneus	G	L	P6163085
6	51.254	2.733	E. cyaneus	G	L	P6163085
7	50.770	3.036	E. cyaneus	G	L	P6163085
8	51.073	3.279	E. cyaneus	G	L	P6163085
9	47.741	3.536	E. cyaneus	G	L	P6163085
10	43.531	4.187	E. cyaneus	G	L	P6163085
11	28.130	4.339	E. cyaneus	G	L	P6163085
12	50.331	4.687	E. cyaneus	G	L	P6163085
13	9.548	5.247	E. cyaneus	G	L	P6163085
14	50.497	5.338	E. cyaneus	G	L	P6163085
15	50.861	5.505	E. cyaneus	G	L	P6163085
16	52.012	5.671	E. cyaneus	G	L	P6163085
17	49.982	5.823	E. cyaneus	G	L	P6163085
18	51.027	6.126	E. cyaneus	G	L	P6163085
19	48.589	6.474	E. cyaneus	G	L	P6163085
20	47.514	7.595	E. cyaneus	G	L	P6163085
1	39.351	0.253	E. cyaneus	Y	L	P6163086
2	38.910	0.546	E. cyaneus	Y	L	P6163086
3	46.704	0.595	E. cyaneus	Y	L	P6163086
4	28.345	0.856	E. cyaneus	Y	L	P6163086
5	52.655	1.215	E. cyaneus	Y	L	P6163086
6	54.677	1.916	E. cyaneus	Y	L	P6163086
7	46.312	2.144	E. cyaneus	Y	L	P6163086
8	57.204	2.356	E. cyaneus	Y	L	P6163086
9	57.416	2.666	E. cyaneus	Y	L	P6163086
10	54.709	3.024	E. cyaneus	Y	L	P6163086
11	17.845	3.302	E. cyaneus	Y	L	P6163086
12	54.171	3.677	E. cyaneus	Y	L	P6163086
13	55.785	4.541	E. cyaneus	Y	L	P6163086
14	46.231	5.356	E. cyaneus	Y	L	P6163086
15	40.802	6.709	E. cyaneus	Y	L	P6163086
16	48.351	6.970	E. cyaneus	Y	L	P6163086
17	43.264	7.101	E. cyaneus	Y	L	P6163086
18	52.133	7.149	E. cyaneus	Y	L	P6163086
19	53.747	7.264	E. cyaneus	Y	L	P6163086
20	28.932	7.394	E. cyaneus	Y	L	P6163086
1	43.047	0.335	E. cyaneus	R	L	P6163087
2	51.021	0.433	E. cyaneus	R	L	P6163087
3	56.822	0.809	E. cyaneus	R	L	P6163087
4	50.662	0.956	E. cyaneus	R	L	P6163087
5	41.495	1.920	E. cyaneus	R	L	P6163087
6	51.054	2.002	E. cyaneus	R	L	P6163087
7	56.675	2.361	E. cyaneus	R	L	P6163087
8	39.109	2.835	E. cyaneus	R	L	P6163087
9	50.433	3.194	E. cyaneus	R	L	P6163087
10	55.727	3.734	E. cyaneus	R	L	P6163087
11	30.907	4.616	E. cyaneus	R	L	P6163087
12	51.544	5.302	E. cyaneus	R	L	P6163087
13	54.583	5.645	E. cyaneus	R	L	P6163087
14	19.240	5.858	E. cyaneus	R	L	P6163087
15	29.698	5.858	E. cyaneus	R	L	P6163087
16	18.881	6.348	E. cyaneus	R	L	P6163087
17	49.093	6.397	E. cyaneus	R	L	P6163087
18	30.760	8.178	E. cyaneus	R	L	P6163087
19	23.815	8.685	E. cyaneus	R	L	P6163087
20	51.462	9.142	E. cyaneus	R	L	P6163087
