SRA accession,sam file name,MWS,LWS,nreads,Species,M Seqs,MWS.RPM,LWS.RPM,length,Region,,Group,LWS1,LWS2,LWS1.RPM,LWS2.RPM,Include.to.main.fig
SRR8205877,Sample_Ecy10LT24_1..opsins.sam,0,1236,,Eulimnogammarus cyaneus,21.2,0,29.1509433962264,100,Lake Baikal,,E. cyaneus,586,650,13.8207547169811,15.3301886792453,T
SRR8205870,Sample_Ecy10LT24_2..opsins.sam,0,553,,Eulimnogammarus cyaneus,22.3,0,12.3991031390135,100,Lake Baikal,,E. cyaneus,235,318,5.26905829596413,7.13004484304933,T
SRR8205869,Sample_Ecy10LT24_3..opsins.sam,0,1869,,Eulimnogammarus cyaneus,37.8,0,24.7222222222222,100,Lake Baikal,,E. cyaneus,784,1085,10.3703703703704,14.3518518518519,T
SRR8205855,Sample_Ecy10LT24_4..opsins.sam,0,1316,,Eulimnogammarus cyaneus,32.6,0,20.1840490797546,100,Lake Baikal,,E. cyaneus,548,768,8.40490797546012,11.7791411042945,T
SRR8205908,Sample_Ecy10LT3_1..opsins.sam,0,2051,,Eulimnogammarus cyaneus,38.7,0,26.4987080103359,100,Lake Baikal,,E. cyaneus,1050,1001,13.5658914728682,12.9328165374677,T
SRR8205905,Sample_Ecy10LT3_2..opsins.sam,0,1094,,Eulimnogammarus cyaneus,20.4,0,26.8137254901961,100,Lake Baikal,,E. cyaneus,539,555,13.2107843137255,13.6029411764706,T
SRR8205899,Sample_Ecy10LT3_4..opsins.sam,0,1245,,Eulimnogammarus cyaneus,32.7,0,19.0366972477064,100,Lake Baikal,,E. cyaneus,644,601,9.84709480122324,9.18960244648318,T
SRR8205867,Sample_EcyB12_1..opsins.sam,0,1032,,Eulimnogammarus cyaneus,26.2,0,19.6946564885496,100,Lake Baikal,,E. cyaneus,537,495,10.2480916030534,9.44656488549618,T
SRR8205868,Sample_EcyB12_2..opsins.sam,0,337,,Eulimnogammarus cyaneus,22.9,0,7.35807860262009,100,Lake Baikal,,E. cyaneus,118,219,2.5764192139738,4.78165938864629,T
SRR8205865,Sample_EcyB12_3..opsins.sam,0,678,,Eulimnogammarus cyaneus,17.6,0,19.2613636363636,100,Lake Baikal,,E. cyaneus,326,352,9.26136363636364,10,T
SRR8205866,Sample_EcyB12_4..opsins.sam,0,300,,Eulimnogammarus cyaneus,20.9,0,7.17703349282297,100,Lake Baikal,,E. cyaneus,160,140,3.82775119617225,3.34928229665072,T
SRR8205898,Sample_EcyB18_1a..opsins.sam,0,950,,Eulimnogammarus cyaneus,21.4,0,22.196261682243,100,Lake Baikal,,E. cyaneus,420,530,9.81308411214953,12.3831775700935,T
SRR8205897,Sample_EcyB18_1b..opsins.sam,0,191,,Eulimnogammarus cyaneus,17,0,5.61764705882353,100,Lake Baikal,,E. cyaneus,93,98,2.73529411764706,2.88235294117647,T
SRR8205892,Sample_EcyB18_2..opsins.sam,0,868,,Eulimnogammarus cyaneus,28,0,15.5,100,Lake Baikal,,E. cyaneus,406,462,7.25,8.25,T
SRR8205891,Sample_EcyB18_4..opsins.sam,0,168,,Eulimnogammarus cyaneus,26.1,0,3.2183908045977,100,Lake Baikal,,E. cyaneus,59,109,1.13026819923372,2.08812260536398,T
SRR8205924,Sample_EcyB24_1_6..opsins.sam,0,1349,,Eulimnogammarus cyaneus,33.2,0,20.316265060241,100,Lake Baikal,,E. cyaneus,745,604,11.2198795180723,9.09638554216867,T
SRR8205936,Sample_EcyB24_1..opsins.sam,0,1014,,Eulimnogammarus cyaneus,28,0,18.1071428571429,100,Lake Baikal,,E. cyaneus,538,476,9.60714285714286,8.5,T
SRR8205925,Sample_EcyB24_2_6..opsins.sam,0,485,,Eulimnogammarus cyaneus,39,0,6.21794871794872,100,Lake Baikal,,E. cyaneus,158,327,2.02564102564103,4.19230769230769,T
SRR8205935,Sample_EcyB24_2..opsins.sam,0,1492,,Eulimnogammarus cyaneus,30.9,0,24.1423948220065,100,Lake Baikal,,E. cyaneus,809,683,13.0906148867314,11.0517799352751,T
SRR8205926,Sample_EcyB24_3_7..opsins.sam,0,428,,Eulimnogammarus cyaneus,34.1,0,6.27565982404692,100,Lake Baikal,,E. cyaneus,217,211,3.18181818181818,3.09384164222874,T
SRR8205930,Sample_EcyB24_3..opsins.sam,0,1306,,Eulimnogammarus cyaneus,25.5,0,25.6078431372549,100,Lake Baikal,,E. cyaneus,529,777,10.3725490196078,15.2352941176471,T
SRR8205927,Sample_EcyB24_4_7..opsins.sam,0,833,,Eulimnogammarus cyaneus,29.3,0,14.2150170648464,100,Lake Baikal,,E. cyaneus,396,437,6.75767918088737,7.45733788395904,T
SRR8205929,Sample_EcyB24_4..opsins.sam,0,862,,Eulimnogammarus cyaneus,31.1,0,13.8585209003215,100,Lake Baikal,,E. cyaneus,456,406,7.33118971061093,6.52733118971061,T
SRR8205966,Sample_EcyB3_1..opsins.sam,0,1368,,Eulimnogammarus cyaneus,37.1,0,18.4366576819407,100,Lake Baikal,,E. cyaneus,721,647,9.71698113207547,8.71967654986523,T
SRR8205965,Sample_EcyB3_2..opsins.sam,0,465,,Eulimnogammarus cyaneus,28.2,0,8.24468085106383,100,Lake Baikal,,E. cyaneus,273,192,4.84042553191489,3.40425531914894,T
SRR8205964,Sample_EcyB3_3..opsins.sam,0,1320,,Eulimnogammarus cyaneus,34.9,0,18.9111747851003,100,Lake Baikal,,E. cyaneus,722,598,10.3438395415473,8.56733524355301,T
SRR8205963,Sample_EcyB3_4..opsins.sam,0,1128,,Eulimnogammarus cyaneus,31.7,0,17.7917981072555,100,Lake Baikal,,E. cyaneus,561,567,8.84858044164038,8.94321766561514,T
SRR8206017,Sample_EcyB6_1..opsins.sam,0,1826,,Eulimnogammarus cyaneus,30.5,0,29.9344262295082,100,Lake Baikal,,E. cyaneus,937,889,15.3606557377049,14.5737704918033,T
SRR8206018,Sample_EcyB6_2..opsins.sam,0,2847,,Eulimnogammarus cyaneus,36,0,39.5416666666667,100,Lake Baikal,,E. cyaneus,1546,1301,21.4722222222222,18.0694444444444,T
SRR8205842,Sample_EcyB6_3..opsins.sam,0,490,,Eulimnogammarus cyaneus,12.1,0,20.2479338842975,100,Lake Baikal,,E. cyaneus,257,233,10.6198347107438,9.62809917355372,T
SRR8205841,Sample_EcyB6_4..opsins.sam,0,836,,Eulimnogammarus cyaneus,24.7,0,16.9230769230769,100,Lake Baikal,,E. cyaneus,449,387,9.08906882591093,7.83400809716599,T
SRR8205885,Sample_EcyCd24_1..opsins.sam,0,2482,,Eulimnogammarus cyaneus,33,0,37.6060606060606,100,Lake Baikal,,E. cyaneus,1220,1262,18.4848484848485,19.1212121212121,T
SRR8205884,Sample_EcyCd24_2..opsins.sam,0,1175,,Eulimnogammarus cyaneus,34.3,0,17.1282798833819,100,Lake Baikal,,E. cyaneus,468,707,6.82215743440233,10.3061224489796,T
SRR8205883,Sample_EcyCd24_3..opsins.sam,0,1195,,Eulimnogammarus cyaneus,32.6,0,18.3282208588957,100,Lake Baikal,,E. cyaneus,682,513,10.4601226993865,7.8680981595092,T
SRR8205882,Sample_EcyCd24_4..opsins.sam,0,1582,,Eulimnogammarus cyaneus,34.5,0,22.9275362318841,100,Lake Baikal,,E. cyaneus,831,751,12.0434782608696,10.8840579710145,T
SRR8205913,Sample_EcyCd3_1..opsins.sam,0,884,,Eulimnogammarus cyaneus,25.1,0,17.609561752988,100,Lake Baikal,,E. cyaneus,411,473,8.18725099601594,9.42231075697211,T
SRR8205914,Sample_EcyCd3_2..opsins.sam,0,1673,,Eulimnogammarus cyaneus,32.2,0,25.9782608695652,100,Lake Baikal,,E. cyaneus,893,780,13.8664596273292,12.111801242236,T
SRR8205915,Sample_EcyCd3_3..opsins.sam,0,1681,,Eulimnogammarus cyaneus,30.6,0,27.4673202614379,100,Lake Baikal,,E. cyaneus,876,805,14.3137254901961,13.1535947712418,T
SRR8205916,Sample_EcyCd3_4..opsins.sam,0,937,,Eulimnogammarus cyaneus,28,0,16.7321428571429,100,Lake Baikal,,E. cyaneus,408,529,7.28571428571429,9.44642857142857,T
SRR8205974,Sample_EcyP24_1..opsins.sam,0,1329,,Eulimnogammarus cyaneus,27.6,0,24.0760869565217,100,Lake Baikal,,E. cyaneus,680,651,12.3188405797101,11.7934782608696,T
SRR8205973,Sample_EcyP24_2..opsins.sam,0,1194,,Eulimnogammarus cyaneus,29,0,20.5862068965517,100,Lake Baikal,,E. cyaneus,551,643,9.5,11.0862068965517,T
SRR8205969,Sample_EcyP24_3..opsins.sam,0,1222,,Eulimnogammarus cyaneus,26.7,0,22.8838951310861,100,Lake Baikal,,E. cyaneus,596,626,11.1610486891386,11.7228464419476,T
SRR8205968,Sample_EcyP24_4..opsins.sam,0,973,,Eulimnogammarus cyaneus,34.6,0,14.0606936416185,100,Lake Baikal,,E. cyaneus,508,465,7.34104046242775,6.71965317919075,T
SRR8206003,Sample_EcyP3_1..opsins.sam,0,1031,,Eulimnogammarus cyaneus,25.1,0,20.5378486055777,100,Lake Baikal,,E. cyaneus,523,508,10.4183266932271,10.1195219123506,T
SRR8206004,Sample_EcyP3_2..opsins.sam,0,1278,,Eulimnogammarus cyaneus,31.4,0,20.3503184713376,100,Lake Baikal,,E. cyaneus,683,595,10.8757961783439,9.47452229299363,T
SRR8206001,Sample_EcyP3_3..opsins.sam,0,1059,,Eulimnogammarus cyaneus,33.8,0,15.6656804733728,100,Lake Baikal,,E. cyaneus,545,514,8.06213017751479,7.60355029585799,T
SRR8206002,Sample_EcyP3_4..opsins.sam,0,752,,Eulimnogammarus cyaneus,31.8,0,11.8238993710692,100,Lake Baikal,,E. cyaneus,312,440,4.90566037735849,6.91823899371069,T
SRR8205985,Sample_EcyPB24_1..opsins.sam,0,968,,Eulimnogammarus cyaneus,25.1,0,19.2828685258964,100,Lake Baikal,,E. cyaneus,474,494,9.44223107569721,9.8406374501992,T
SRR8205984,Sample_EcyPB24_2..opsins.sam,0,944,,Eulimnogammarus cyaneus,26.8,0,17.6119402985075,100,Lake Baikal,,E. cyaneus,375,569,6.99626865671642,10.615671641791,T
SRR8205983,Sample_EcyPB24_3..opsins.sam,0,1141,,Eulimnogammarus cyaneus,38.1,0,14.9737532808399,100,Lake Baikal,,E. cyaneus,471,670,6.18110236220472,8.79265091863517,T
SRR8205849,Sample_EcyPB3_1..opsins.sam,0,676,,Eulimnogammarus cyaneus,20.5,0,16.4878048780488,100,Lake Baikal,,E. cyaneus,323,355,7.87804878048781,8.65853658536585,T
SRR8205850,Sample_EcyPB3_2..opsins.sam,0,1127,,Eulimnogammarus cyaneus,33.6,0,16.7708333333333,100,Lake Baikal,,E. cyaneus,496,631,7.38095238095238,9.38988095238095,T
SRR8205982,Sample_EcyPB3_3..opsins.sam,0,792,,Eulimnogammarus cyaneus,21.7,0,18.2488479262673,100,Lake Baikal,,E. cyaneus,274,518,6.31336405529954,11.9354838709677,T
SRR8205942,Sample_EcyT12_1..opsins.sam,0,1634,,Eulimnogammarus cyaneus,33.1,0,24.6827794561934,100,Lake Baikal,,E. cyaneus,756,878,11.4199395770393,13.2628398791541,T
SRR8205941,Sample_EcyT12_2..opsins.sam,0,1044,,Eulimnogammarus cyaneus,15.6,0,33.4615384615385,100,Lake Baikal,,E. cyaneus,528,516,16.9230769230769,16.5384615384615,T
SRR8205940,Sample_EcyT12_3..opsins.sam,0,406,,Eulimnogammarus cyaneus,13.9,0,14.6043165467626,100,Lake Baikal,,E. cyaneus,153,253,5.50359712230216,9.10071942446043,T
SRR8205957,Sample_EcyT18_1..opsins.sam,0,821,,Eulimnogammarus cyaneus,26.6,0,15.4323308270677,100,Lake Baikal,,E. cyaneus,257,564,4.83082706766917,10.6015037593985,T
SRR8205958,Sample_EcyT18_2..opsins.sam,0,1238,,Eulimnogammarus cyaneus,21.8,0,28.394495412844,100,Lake Baikal,,E. cyaneus,455,783,10.4357798165138,17.9587155963303,T
SRR8205955,Sample_EcyT18_3..opsins.sam,0,1517,,Eulimnogammarus cyaneus,25.9,0,29.2857142857143,100,Lake Baikal,,E. cyaneus,530,987,10.2316602316602,19.0540540540541,T
SRR8205956,Sample_EcyT18_4..opsins.sam,0,2462,,Eulimnogammarus cyaneus,25.5,0,48.2745098039216,100,Lake Baikal,,E. cyaneus,872,1590,17.0980392156863,31.1764705882353,T
SRR8205996,Sample_EcyT24_1..opsins.sam,0,3625,,Eulimnogammarus cyaneus,32.2,0,56.2888198757764,100,Lake Baikal,,E. cyaneus,823,2802,12.7795031055901,43.5093167701863,T
SRR8205995,Sample_EcyT24_2..opsins.sam,0,1387,,Eulimnogammarus cyaneus,16.3,0,42.5460122699387,100,Lake Baikal,,E. cyaneus,369,1018,11.319018404908,31.2269938650307,T
SRR8205998,Sample_EcyT24_3..opsins.sam,0,2721,,Eulimnogammarus cyaneus,24.6,0,55.3048780487805,100,Lake Baikal,,E. cyaneus,705,2016,14.3292682926829,40.9756097560976,T
SRR8205997,Sample_EcyT24_4..opsins.sam,0,2912,,Eulimnogammarus cyaneus,21,0,69.3333333333333,100,Lake Baikal,,E. cyaneus,754,2162,17.952380952381,51.4761904761905,T
SRR8205856,Sample_Eve10LT24_1..opsins.sam,0,141,,Eulimnogammarus verrucosus,17.2,0,4.09883720930233,100,Lake Baikal,,E. verrucosus,53,88,1.5406976744186,2.55813953488372,T
SRR8205857,Sample_Eve10LT24_2..opsins.sam,0,695,,Eulimnogammarus verrucosus,21.2,0,16.3915094339623,100,Lake Baikal,,E. verrucosus,238,457,5.61320754716981,10.7783018867925,T
SRR8205858,Sample_Eve10LT24_3..opsins.sam,0,826,,Eulimnogammarus verrucosus,18.1,0,22.817679558011,100,Lake Baikal,,E. verrucosus,277,549,7.65193370165746,15.1657458563536,T
SRR8205851,Sample_Eve10LT24_4..opsins.sam,0,427,,Eulimnogammarus verrucosus,30.3,0,7.04620462046205,100,Lake Baikal,,E. verrucosus,143,284,2.35973597359736,4.68646864686469,T
SRR8205900,Sample_Eve10LT3_1..opsins.sam,0,759,,Eulimnogammarus verrucosus,26.5,0,14.3207547169811,100,Lake Baikal,,E. verrucosus,264,495,4.9811320754717,9.33962264150943,T
SRR8205872,Sample_Eve10LT3_2..opsins.sam,0,1402,,Eulimnogammarus verrucosus,33.2,0,21.1144578313253,100,Lake Baikal,,E. verrucosus,572,830,8.6144578313253,12.5,T
SRR8205871,Sample_Eve10LT3_3..opsins.sam,0,453,,Eulimnogammarus verrucosus,24,0,9.4375,100,Lake Baikal,,E. verrucosus,138,315,2.875,6.5625,T
SRR8205874,Sample_Eve10LT3_4..opsins.sam,0,898,,Eulimnogammarus verrucosus,32.3,0,13.9009287925697,100,Lake Baikal,,E. verrucosus,361,537,5.58823529411765,8.31269349845201,T
SRR8205863,Sample_EveB12_1..opsins.sam,0,1569,,Eulimnogammarus verrucosus,35,0,22.4142857142857,100,Lake Baikal,,E. verrucosus,569,1002,8.12857142857143,14.3142857142857,T
SRR8205864,Sample_EveB12_2..opsins.sam,0,1107,,Eulimnogammarus verrucosus,27.3,0,20.2747252747253,100,Lake Baikal,,E. verrucosus,550,557,10.0732600732601,10.2014652014652,T
SRR8205861,Sample_EveB12_3..opsins.sam,0,431,,Eulimnogammarus verrucosus,27.3,0,7.89377289377289,100,Lake Baikal,,E. verrucosus,179,252,3.27838827838828,4.61538461538462,T
SRR8205862,Sample_EveB12_4..opsins.sam,0,602,,Eulimnogammarus verrucosus,25.3,0,11.897233201581,100,Lake Baikal,,E. verrucosus,298,304,5.88932806324111,6.00790513833992,T
SRR8205894,Sample_EveB18_1..opsins.sam,0,873,,Eulimnogammarus verrucosus,32.8,0,13.3079268292683,100,Lake Baikal,,E. verrucosus,327,546,4.98475609756098,8.32317073170732,T
SRR8205893,Sample_EveB18_2..opsins.sam,0,756,,Eulimnogammarus verrucosus,29.6,0,12.7702702702703,100,Lake Baikal,,E. verrucosus,365,391,6.16554054054054,6.60472972972973,T
SRR8205890,Sample_EveB18_3..opsins.sam,0,748,,Eulimnogammarus verrucosus,30.4,0,12.3026315789474,100,Lake Baikal,,E. verrucosus,302,446,4.9671052631579,7.33552631578947,T
SRR8205889,Sample_EveB18_4..opsins.sam,0,657,,Eulimnogammarus verrucosus,32,0,10.265625,100,Lake Baikal,,E. verrucosus,286,371,4.46875,5.796875,T
SRR8205928,Sample_EveB24_1_6..opsins.sam,0,896,,Eulimnogammarus verrucosus,33.1,0,13.5347432024169,100,Lake Baikal,,E. verrucosus,325,571,4.90936555891239,8.62537764350453,T
SRR8205932,Sample_EveB24_1..opsins.sam,0,325,,Eulimnogammarus verrucosus,21.9,0,7.42009132420091,100,Lake Baikal,,E. verrucosus,114,213,2.6027397260274,4.86301369863014,T
SRR8205931,Sample_EveB24_2..opsins.sam,0,267,,Eulimnogammarus verrucosus,30.9,0,4.32038834951456,100,Lake Baikal,,E. verrucosus,113,154,1.82847896440129,2.49190938511327,T
SRR8205919,Sample_EveB24_3_7..opsins.sam,0,1088,,Eulimnogammarus verrucosus,30.8,0,17.6623376623377,100,Lake Baikal,,E. verrucosus,473,617,7.67857142857143,10.0162337662338,T
SRR8205938,Sample_EveB24_3..opsins.sam,0,720,,Eulimnogammarus verrucosus,32.1,0,11.214953271028,100,Lake Baikal,,E. verrucosus,236,484,3.67601246105919,7.53894080996885,T
SRR8205920,Sample_EveB24_4..opsins.sam,0,1097,,Eulimnogammarus verrucosus,25.8,0,21.2596899224806,100,Lake Baikal,,E. verrucosus,410,687,7.94573643410853,13.3139534883721,T
SRR8205970,Sample_EveB3_1..opsins.sam,0,1527,,Eulimnogammarus verrucosus,47,0,16.2446808510638,100,Lake Baikal,,E. verrucosus,599,928,6.37234042553192,9.87234042553192,T
SRR8205967,Sample_EveB3_2..opsins.sam,0,497,,Eulimnogammarus verrucosus,30,0,8.28333333333333,100,Lake Baikal,,E. verrucosus,165,332,2.75,5.53333333333333,T
SRR8205960,Sample_EveB3_3..opsins.sam,0,553,,Eulimnogammarus verrucosus,26.5,0,10.4339622641509,100,Lake Baikal,,E. verrucosus,193,360,3.64150943396226,6.79245283018868,T
SRR8205959,Sample_EveB3_4..opsins.sam,0,420,,Eulimnogammarus verrucosus,25.7,0,8.17120622568093,100,Lake Baikal,,E. verrucosus,158,262,3.07392996108949,5.09727626459144,T
SRR8205840,Sample_EveB6_1..opsins.sam,0,577,,Eulimnogammarus verrucosus,18.2,0,15.8516483516484,100,Lake Baikal,,E. verrucosus,201,376,5.52197802197802,10.3296703296703,T
SRR8205839,Sample_EveB6_2..opsins.sam,0,315,,Eulimnogammarus verrucosus,23.7,0,6.64556962025316,100,Lake Baikal,,E. verrucosus,135,182,2.84810126582278,3.83966244725738,T
SRR8205846,Sample_EveB6_3..opsins.sam,0,464,,Eulimnogammarus verrucosus,28.8,0,8.05555555555556,100,Lake Baikal,,E. verrucosus,204,260,3.54166666666667,4.51388888888889,T
SRR8205845,Sample_EveB6_4..opsins.sam,0,844,,Eulimnogammarus verrucosus,34.6,0,12.1965317919075,100,Lake Baikal,,E. verrucosus,334,510,4.82658959537572,7.36994219653179,T
SRR8205881,Sample_EveCd24_1..opsins.sam,0,618,,Eulimnogammarus verrucosus,28.7,0,10.7665505226481,100,Lake Baikal,,E. verrucosus,216,402,3.76306620209059,7.00348432055749,T
SRR8205880,Sample_EveCd24_2..opsins.sam,0,442,,Eulimnogammarus verrucosus,20.8,0,10.625,100,Lake Baikal,,E. verrucosus,169,273,4.0625,6.5625,T
SRR8205879,Sample_EveCd24_3..opsins.sam,0,396,,Eulimnogammarus verrucosus,26.4,0,7.5,100,Lake Baikal,,E. verrucosus,154,242,2.91666666666667,4.58333333333333,T
SRR8205903,Sample_EveCd24_4..opsins.sam,0,1077,,Eulimnogammarus verrucosus,40.3,0,13.3622828784119,100,Lake Baikal,,E. verrucosus,361,718,4.47890818858561,8.90818858560794,T
SRR8205917,Sample_EveCd3_1..opsins.sam,0,533,,Eulimnogammarus verrucosus,24.5,0,10.8775510204082,100,Lake Baikal,,E. verrucosus,216,317,4.40816326530612,6.46938775510204,T
SRR8205918,Sample_EveCd3_2..opsins.sam,0,620,,Eulimnogammarus verrucosus,28.1,0,11.0320284697509,100,Lake Baikal,,E. verrucosus,208,412,3.70106761565836,7.33096085409253,T
SRR8205909,Sample_EveCd3_3..opsins.sam,0,279,,Eulimnogammarus verrucosus,29.3,0,4.76109215017065,100,Lake Baikal,,E. verrucosus,112,167,1.91126279863481,2.84982935153584,T
SRR8205910,Sample_EveCd3_4..opsins.sam,0,565,,Eulimnogammarus verrucosus,39.5,0,7.15189873417722,100,Lake Baikal,,E. verrucosus,175,390,2.21518987341772,4.93670886075949,T
SRR8206013,Sample_EveP24_1..opsins.sam,0,648,,Eulimnogammarus verrucosus,25.4,0,12.755905511811,100,Lake Baikal,,E. verrucosus,201,447,3.95669291338583,8.7992125984252,T
SRR8206014,Sample_EveP24_2..opsins.sam,0,355,,Eulimnogammarus verrucosus,27.4,0,6.47810218978102,100,Lake Baikal,,E. verrucosus,102,253,1.86131386861314,4.61678832116788,T
SRR8206015,Sample_EveP24_3..opsins.sam,0,1011,,Eulimnogammarus verrucosus,41.1,0,12.2992700729927,100,Lake Baikal,,E. verrucosus,285,726,3.46715328467153,8.83211678832117,T
SRR8206016,Sample_EveP24_4..opsins.sam,0,972,,Eulimnogammarus verrucosus,36.7,0,13.2425068119891,100,Lake Baikal,,E. verrucosus,355,617,4.83651226158038,8.40599455040872,T
SRR8205999,Sample_EveP3_1..opsins.sam,0,634,,Eulimnogammarus verrucosus,24.6,0,12.8861788617886,100,Lake Baikal,,E. verrucosus,228,406,4.63414634146341,8.2520325203252,T
SRR8206000,Sample_EveP3_2..opsins.sam,0,316,,Eulimnogammarus verrucosus,30.3,0,5.21452145214521,100,Lake Baikal,,E. verrucosus,110,206,1.81518151815182,3.3993399339934,T
SRR8205976,Sample_EveP3_3..opsins.sam,0,623,,Eulimnogammarus verrucosus,31.3,0,9.95207667731629,100,Lake Baikal,,E. verrucosus,241,382,3.84984025559105,6.10223642172524,T
SRR8205975,Sample_EveP3_4..opsins.sam,0,374,,Eulimnogammarus verrucosus,33.8,0,5.53254437869823,100,Lake Baikal,,E. verrucosus,155,219,2.29289940828402,3.2396449704142,T
SRR8205988,Sample_EvePB24_1..opsins.sam,0,883,,Eulimnogammarus verrucosus,31.6,0,13.9715189873418,100,Lake Baikal,,E. verrucosus,301,582,4.7626582278481,9.20886075949367,T
SRR8205987,Sample_EvePB24_2..opsins.sam,2,389,,Eulimnogammarus verrucosus,29.8,0.033557046979866,6.52684563758389,100,Lake Baikal,,E. verrucosus,157,232,2.63422818791946,3.89261744966443,T
SRR8206007,Sample_EvePB24_3..opsins.sam,0,546,,Eulimnogammarus verrucosus,23.9,0,11.4225941422594,100,Lake Baikal,,E. verrucosus,213,333,4.4560669456067,6.96652719665272,T
SRR8205981,Sample_EvePB3_1..opsins.sam,0,267,,Eulimnogammarus verrucosus,26.2,0,5.09541984732824,100,Lake Baikal,,E. verrucosus,100,167,1.90839694656489,3.18702290076336,T
SRR8205980,Sample_EvePB3_2..opsins.sam,0,451,,Eulimnogammarus verrucosus,23.4,0,9.63675213675214,100,Lake Baikal,,E. verrucosus,159,292,3.3974358974359,6.23931623931624,T
SRR8205939,Sample_EveT12_1..opsins.sam,0,570,,Eulimnogammarus verrucosus,28.9,0,9.86159169550173,100,Lake Baikal,,E. verrucosus,197,373,3.4083044982699,6.45328719723183,T
SRR8205948,Sample_EveT12_2..opsins.sam,0,575,,Eulimnogammarus verrucosus,29.7,0,9.68013468013468,100,Lake Baikal,,E. verrucosus,272,303,4.57912457912458,5.1010101010101,T
SRR8205947,Sample_EveT12_3..opsins.sam,0,19,,Eulimnogammarus verrucosus,40.3,0,0.235732009925558,100,Lake Baikal,,E. verrucosus,6,13,0.074441687344913,0.161290322580645,T
SRR8205961,Sample_EveT18_1..opsins.sam,0,148,,Eulimnogammarus verrucosus,23.5,0,3.14893617021277,100,Lake Baikal,,E. verrucosus,76,72,1.61702127659574,1.53191489361702,T
SRR8205962,Sample_EveT18_2..opsins.sam,0,1020,,Eulimnogammarus verrucosus,30.6,0,16.6666666666667,100,Lake Baikal,,E. verrucosus,436,584,7.12418300653595,9.54248366013072,T
SRR8205990,Sample_EveT18_3..opsins.sam,0,1449,,Eulimnogammarus verrucosus,30.5,0,23.7540983606557,100,Lake Baikal,,E. verrucosus,433,1018,7.0983606557377,16.6885245901639,T
SRR8205989,Sample_EveT18_4..opsins.sam,0,2006,,Eulimnogammarus verrucosus,46,0,21.804347826087,100,Lake Baikal,,E. verrucosus,659,1347,7.16304347826087,14.6413043478261,T
SRR8206022,Sample_EveT24_1..opsins.sam,0,2436,,Eulimnogammarus verrucosus,20.9,0,58.2775119617225,100,Lake Baikal,,E. verrucosus,691,1745,16.5311004784689,41.7464114832536,T
SRR8206023,Sample_EveT24_2..opsins.sam,0,1826,,Eulimnogammarus verrucosus,30.1,0,30.3322259136213,100,Lake Baikal,,E. verrucosus,524,1302,8.70431893687708,21.6279069767442,T
SRR8205837,Sample_EveT24_3..opsins.sam,0,1306,,Eulimnogammarus verrucosus,28.8,0,22.6736111111111,100,Lake Baikal,,E. verrucosus,351,957,6.09375,16.6145833333333,T
SRR8205838,Sample_EveT24_4..opsins.sam,0,1854,,Eulimnogammarus verrucosus,33.7,0,27.5074183976261,100,Lake Baikal,,E. verrucosus,488,1366,7.24035608308605,20.2670623145401,T
SRR8205852,Sample_Gla10LT24_1..opsins.sam,0,1102,,Gammarus lacustris,26.9,0,20.4832713754647,100,Baikal region,,G. lacustris,99,1003,1.84014869888476,18.6431226765799,T
SRR8205853,Sample_Gla10LT24_3..opsins.sam,2,987,,Gammarus lacustris,21.4,0.046728971962617,23.0607476635514,100,Baikal region,,G. lacustris,60,927,1.4018691588785,21.6588785046729,T
SRR8205854,Sample_Gla10LT24_4..opsins.sam,2,1053,,Gammarus lacustris,20.3,0.049261083743842,25.935960591133,100,Baikal region,,G. lacustris,49,1004,1.20689655172414,24.7290640394089,T
SRR8205873,Sample_Gla10LT3_1..opsins.sam,0,778,,Gammarus lacustris,21.8,0,17.8440366972477,100,Baikal region,,G. lacustris,83,695,1.90366972477064,15.9403669724771,T
SRR8205876,Sample_Gla10LT3_2..opsins.sam,2,786,,Gammarus lacustris,22.9,0.043668122270742,17.1615720524017,100,Baikal region,,G. lacustris,56,730,1.22270742358079,15.938864628821,T
SRR8205875,Sample_Gla10LT3_3..opsins.sam,2,1653,,Gammarus lacustris,29,0.03448275862069,28.5,100,Baikal region,,G. lacustris,127,1526,2.18965517241379,26.3103448275862,T
SRR8205878,Sample_Gla10LT3_4..opsins.sam,0,1090,,Gammarus lacustris,26.3,0,20.722433460076,100,Baikal region,,G. lacustris,465,625,8.84030418250951,11.8821292775665,T
SRR8205859,Sample_GlaB12_1..opsins.sam,3,681,,Gammarus lacustris,32.8,0.045731707317073,10.3810975609756,100,Baikal region,,G. lacustris,89,592,1.35670731707317,9.02439024390244,T
SRR8205860,Sample_GlaB12_2..opsins.sam,0,470,,Gammarus lacustris,35.1,0,6.6951566951567,100,Baikal region,,G. lacustris,54,416,0.769230769230769,5.92592592592593,T
SRR8205896,Sample_GlaB12_3..opsins.sam,0,387,,Gammarus lacustris,35.1,0,5.51282051282051,100,Baikal region,,G. lacustris,49,338,0.698005698005698,4.81481481481482,T
SRR8205895,Sample_GlaB12_4..opsins.sam,0,508,,Gammarus lacustris,29.4,0,8.63945578231293,100,Baikal region,,G. lacustris,56,452,0.952380952380952,7.68707482993197,T
SRR8205921,Sample_GlaB18_1..opsins.sam,1,440,,Gammarus lacustris,20,0.025,11,100,Baikal region,,G. lacustris,58,382,1.45,9.55,T
SRR8205922,Sample_GlaB18_2..opsins.sam,0,264,,Gammarus lacustris,17.7,0,7.45762711864407,100,Baikal region,,G. lacustris,32,232,0.903954802259887,6.55367231638418,T
SRR8205923,Sample_GlaB18_3..opsins.sam,2,659,,Gammarus lacustris,39.6,0.025252525252525,8.32070707070707,100,Baikal region,,G. lacustris,108,551,1.36363636363636,6.95707070707071,T
SRR8205946,Sample_GlaB24_1_6..opsins.sam,0,401,,Gammarus lacustris,22.9,0,8.75545851528384,100,Baikal region,,G. lacustris,57,344,1.24454148471616,7.51091703056769,T
SRR8205945,Sample_GlaB24_2_6..opsins.sam,0,310,,Gammarus lacustris,18,0,8.61111111111111,100,Baikal region,,G. lacustris,49,261,1.36111111111111,7.25,T
SRR8205937,Sample_GlaB24_2..opsins.sam,0,463,,Gammarus lacustris,21.5,0,10.7674418604651,100,Baikal region,,G. lacustris,46,417,1.06976744186047,9.69767441860465,T
SRR8205944,Sample_GlaB24_3_7..opsins.sam,3,490,,Gammarus lacustris,36.3,0.041322314049587,6.74931129476584,100,Baikal region,,G. lacustris,71,419,0.977961432506887,5.77134986225895,T
SRR8205911,Sample_GlaB24_3..opsins.sam,0,735,,Gammarus lacustris,23.1,0,15.9090909090909,100,Baikal region,,G. lacustris,76,659,1.64502164502164,14.2640692640693,T
SRR8205943,Sample_GlaB24_4_7..opsins.sam,0,631,,Gammarus lacustris,35.9,0,8.7883008356546,100,Baikal region,,G. lacustris,69,562,0.96100278551532,7.82729805013928,T
SRR8205912,Sample_GlaB24_4..opsins.sam,0,415,,Gammarus lacustris,19.3,0,10.7512953367876,100,Baikal region,,G. lacustris,19,396,0.492227979274611,10.259067357513,T
SRR8205950,Sample_GlaB3_1..opsins.sam,0,663,,Gammarus lacustris,23.7,0,13.9873417721519,100,Baikal region,,G. lacustris,60,603,1.26582278481013,12.7215189873418,T
SRR8205949,Sample_GlaB3_2..opsins.sam,0,442,,Gammarus lacustris,18.8,0,11.7553191489362,100,Baikal region,,G. lacustris,23,419,0.611702127659574,11.1436170212766,T
SRR8205934,Sample_GlaB3_3..opsins.sam,0,691,,Gammarus lacustris,25,0,13.82,100,Baikal region,,G. lacustris,51,640,1.02,12.8,T
SRR8205933,Sample_GlaB3_4..opsins.sam,0,604,,Gammarus lacustris,20.4,0,14.8039215686275,100,Baikal region,,G. lacustris,57,547,1.39705882352941,13.406862745098,T
SRR8205844,Sample_GlaB6_1..opsins.sam,1,816,,Gammarus lacustris,23.2,0.021551724137931,17.5862068965517,100,Baikal region,,G. lacustris,89,727,1.91810344827586,15.6681034482759,T
SRR8205843,Sample_GlaB6_2..opsins.sam,0,482,,Gammarus lacustris,26.8,0,8.99253731343284,100,Baikal region,,G. lacustris,58,424,1.08208955223881,7.91044776119403,T
SRR8205848,Sample_GlaB6_3..opsins.sam,0,1076,,Gammarus lacustris,33.4,0,16.1077844311377,100,Baikal region,,G. lacustris,112,964,1.67664670658683,14.4311377245509,T
SRR8205847,Sample_GlaB6_4..opsins.sam,0,730,,Gammarus lacustris,33.5,0,10.8955223880597,100,Baikal region,,G. lacustris,83,647,1.23880597014925,9.65671641791045,T
SRR8205904,Sample_GlaCd24_1..opsins.sam,0,846,,Gammarus lacustris,29.2,0,14.486301369863,100,Baikal region,,G. lacustris,75,771,1.28424657534247,13.2020547945205,T
SRR8205901,Sample_GlaCd24_2..opsins.sam,0,669,,Gammarus lacustris,26.2,0,12.7671755725191,100,Baikal region,,G. lacustris,65,604,1.24045801526718,11.5267175572519,T
SRR8205902,Sample_GlaCd24_3..opsins.sam,0,426,,Gammarus lacustris,24.4,0,8.72950819672131,100,Baikal region,,G. lacustris,27,399,0.55327868852459,8.17622950819672,T
SRR8205888,Sample_GlaCd3_1..opsins.sam,0,425,,Gammarus lacustris,19,0,11.1842105263158,100,Baikal region,,G. lacustris,36,389,0.947368421052632,10.2368421052632,T
SRR8205887,Sample_GlaCd3_2..opsins.sam,0,493,,Gammarus lacustris,27.1,0,9.09594095940959,100,Baikal region,,G. lacustris,48,445,0.885608856088561,8.21033210332103,T
SRR8205886,Sample_GlaCd3_3..opsins.sam,0,313,,Gammarus lacustris,30.7,0,5.09771986970684,100,Baikal region,,G. lacustris,22,291,0.358306188925081,4.73941368078176,T
SRR8206009,Sample_GlaP24_1..opsins.sam,0,676,,Gammarus lacustris,26.8,0,12.6119402985075,100,Baikal region,,G. lacustris,54,622,1.00746268656716,11.6044776119403,T
SRR8206010,Sample_GlaP24_2..opsins.sam,0,1454,,Gammarus lacustris,47.9,0,15.1774530271399,100,Baikal region,,G. lacustris,107,1347,1.11691022964509,14.0605427974948,T
SRR8206011,Sample_GlaP24_3..opsins.sam,1,816,,Gammarus lacustris,30,0.016666666666667,13.6,100,Baikal region,,G. lacustris,65,751,1.08333333333333,12.5166666666667,T
SRR8206012,Sample_GlaP24_4..opsins.sam,0,1004,,Gammarus lacustris,21.3,0,23.5680751173709,100,Baikal region,,G. lacustris,70,934,1.64319248826291,21.924882629108,T
SRR8205978,Sample_GlaP3_1..opsins.sam,0,1596,,Gammarus lacustris,55.3,0,14.4303797468354,100,Baikal region,,G. lacustris,133,1463,1.20253164556962,13.2278481012658,T
SRR8205972,Sample_GlaP3_3..opsins.sam,0,634,,Gammarus lacustris,25,0,12.68,100,Baikal region,,G. lacustris,60,574,1.2,11.48,T
SRR8205971,Sample_GlaP3_4..opsins.sam,0,863,,Gammarus lacustris,23.5,0,18.3617021276596,100,Baikal region,,G. lacustris,62,801,1.31914893617021,17.0425531914894,T
SRR8206008,Sample_GlaPB24_1..opsins.sam,0,1069,,Gammarus lacustris,24.9,0,21.4658634538153,100,Baikal region,,G. lacustris,79,990,1.5863453815261,19.8795180722892,T
SRR8206005,Sample_GlaPB24_2..opsins.sam,0,1236,,Gammarus lacustris,25,0,24.72,100,Baikal region,,G. lacustris,105,1131,2.1,22.62,T
SRR8206006,Sample_GlaPB24_3..opsins.sam,0,855,,Gammarus lacustris,26.7,0,16.0112359550562,100,Baikal region,,G. lacustris,55,800,1.02996254681648,14.9812734082397,T
SRR8205979,Sample_GlaPB3_1..opsins.sam,2,372,,Gammarus lacustris,22.5,0.044444444444445,8.26666666666667,100,Baikal region,,G. lacustris,38,334,0.844444444444444,7.42222222222222,T
SRR8205986,Sample_GlaPB3_2..opsins.sam,0,433,,Gammarus lacustris,22.4,0,9.66517857142857,100,Baikal region,,G. lacustris,42,393,0.9375,8.77232142857143,T
SRR8205953,Sample_GlaT12_1..opsins.sam,0,690,,Gammarus lacustris,29.5,0,11.6949152542373,100,Baikal region,,G. lacustris,77,615,1.30508474576271,10.4237288135593,T
SRR8205954,Sample_GlaT12_2..opsins.sam,2,885,,Gammarus lacustris,20.8,0.048076923076923,21.2740384615385,100,Baikal region,,G. lacustris,82,803,1.97115384615385,19.3028846153846,T
SRR8205951,Sample_GlaT12_3..opsins.sam,1,813,,Gammarus lacustris,34.8,0.014367816091954,11.6810344827586,100,Baikal region,,G. lacustris,92,721,1.32183908045977,10.3591954022989,T
SRR8205952,Sample_GlaT12_4..opsins.sam,0,596,,Gammarus lacustris,26.3,0,11.3307984790875,100,Baikal region,,G. lacustris,64,532,1.21673003802281,10.1140684410646,T
SRR8205992,Sample_GlaT18_1..opsins.sam,0,1505,,Gammarus lacustris,35.2,0,21.3778409090909,100,Baikal region,,G. lacustris,75,1430,1.06534090909091,20.3125,T
SRR8205991,Sample_GlaT18_2..opsins.sam,0,1345,,Gammarus lacustris,27,0,24.9074074074074,100,Baikal region,,G. lacustris,110,1235,2.03703703703704,22.8703703703704,T
SRR8205994,Sample_GlaT18_3..opsins.sam,0,1441,,Gammarus lacustris,35,0,20.5857142857143,100,Baikal region,,G. lacustris,103,1338,1.47142857142857,19.1142857142857,T
SRR8205993,Sample_GlaT18_4..opsins.sam,0,1163,,Gammarus lacustris,33.3,0,17.4624624624625,100,Baikal region,,G. lacustris,52,1111,0.780780780780781,16.6816816816817,T
SRR8206020,Sample_GlaT24_3..opsins.sam,2,2274,,Gammarus lacustris,34.9,0.02865329512894,32.5787965616046,100,Baikal region,,G. lacustris,145,2129,2.07736389684814,30.5014326647564,T
SRR8206021,Sample_GlaT24_4..opsins.sam,0,1992,,Gammarus lacustris,28,0,35.5714285714286,100,Baikal region,,G. lacustris,86,1906,1.53571428571429,34.0357142857143,T
SRR3467037,SRR3467037.opsins.sam,0,7646,,Oxyacanthus curtus,11.8,0,323.983050847458,101,Lake Baikal,,Other Baikal 2,2669,4981,113.093220338983,211.059322033898,T
SRR3467038,SRR3467038.opsins.sam,0,15,,Oxyacanthus flavus,35.7,0,0.210084033613445,100,Lake Baikal,,Other Baikal 2,11,4,0.15406162464986,0.056022408963586,T
SRR3467039,SRR3467039.opsins.sam,0,978,,Oxyacanthus sowinskii,13.1,0,37.3282442748092,101,Lake Baikal,,Other Baikal 2,506,472,19.3129770992366,18.0152671755725,T
SRR3467040,SRR3467040.opsins.sam,0,4,,Brachyuropus grewingkii,34,0,0.058823529411765,100,Lake Baikal,,Other Baikal 2,4,0,0.058823529411765,0,T
SRR3467041,SRR3467041.opsins.sam,0,16200,,Acanthogammarus godlewskii,15.9,0,509.433962264151,101,Lake Baikal,,Other Baikal 2,10640,5568,334.591194968553,175.094339622642,T
SRR3467042,SRR3467042.opsins.sam,0,1,,Cornugammarus maximus,14.8,0,0.033783783783784,101,Lake Baikal,,Other Baikal 2,0,1,0,0.033783783783784,T
SRR3467043,SRR3467043.opsins.sam,0,97,,Boeckaxelia carpenterii,36.6,0,1.32513661202186,100,Lake Baikal,,Other Baikal 2,54,43,0.737704918032787,0.587431693989071,T
SRR3467044,SRR3467044.opsins.sam,0,3202,,Boeckaxelia potanini,17.4,0,92.0114942528736,100,Lake Baikal,,Other Baikal 2,2285,917,65.6609195402299,26.3505747126437,T
SRR3467045,SRR3467045.opsins.sam,0,5,,Baikalogammarus pullus,37.5,0,0.066666666666667,100,Lake Baikal,,Baikal 1,5,0,0.066666666666667,0,T
SRR3467046,SRR3467046.opsins.sam,0,620,,Brandtia latissima,6.3,0,49.2063492063492,101,Lake Baikal,,Other Baikal 2,286,334,22.6984126984127,26.5079365079365,T
SRR3467047,SRR3467047.opsins.sam,0,6632,,Asprogammarus rhodophthalmus,43.4,0,76.4055299539171,100,Lake Baikal,,Baikal 1,6622,12,76.2903225806452,0.138248847926267,T
SRR3467048,SRR3467048.opsins.sam,0,1038,,Carinurus bicarinatus,45.9,0,11.3071895424837,100,Lake Baikal,,Other Baikal 2,1027,11,11.1873638344227,0.119825708061002,T
SRR3467049,SRR3467049.opsins.sam,0,5,,Crypturopus inflatus,8.9,0,0.280898876404494,101,Lake Baikal,,Baikal 1,5,0,0.280898876404494,0,T
SRR3467050,SRR3467050.opsins.sam,0,648,,Echiuropus macronychus,19.2,0,16.875,100,Lake Baikal,,Other Baikal 2,421,235,10.9635416666667,6.11979166666667,T
SRR3467051,SRR3467051.opsins.sam,0,32,,Eucarinogammarus wagii,17.3,0,0.92485549132948,101,Lake Baikal,,Other Baikal 2,26,6,0.751445086705202,0.173410404624277,T
SRR3467052,SRR3467052.opsins.sam,0,42,,Sluginella kietlinskii,22.8,0,0.921052631578947,101,Lake Baikal,,Other Baikal 2,20,22,0.43859649122807,0.482456140350877,T
SRR3467053,SRR3467053.opsins.sam,0,13,,Eulimnogammarus similis,37.2,0,0.174731182795699,100,Lake Baikal,,Other Baikal 2,12,1,0.161290322580645,0.013440860215054,T
SRR3467054,SRR3467054.opsins.sam,0,2375,,Eulimnogammarus ussolzewii,47.1,0,25.2123142250531,100,Lake Baikal,,Other Baikal 2,2374,1,25.2016985138004,0.010615711252654,T
SRR3467055,SRR3467055.opsins.sam,0,4,,Eulimnogammarus violaceus,37.9,0,0.052770448548813,100,Lake Baikal,,Other Baikal 2,4,0,0.052770448548813,0,T
SRR3467056,SRR3467056.opsins.sam,0,1887,,Heterogammarus sophianosii,36,0,26.2083333333333,100,Lake Baikal,,Other Baikal 2,819,1068,11.375,14.8333333333333,T
SRR3467057,SRR3467057.opsins.sam,0,16181,,Eulimnogammarus cyaneus,35.4,0,228.545197740113,100,Lake Baikal,,Other Baikal 2,10784,5401,152.316384180791,76.2853107344633,T
SRR3467058,SRR3467058.opsins.sam,0,20884,,Eulimnogammarus marituji,22.2,0,470.36036036036,100,Lake Baikal,,Other Baikal 2,5911,14979,133.130630630631,337.364864864865,T
SRR3467059,SRR3467059.opsins.sam,0,21510,,Eulimnogammarus testaceus,35,0,307.285714285714,100,Lake Baikal,,Other Baikal 2,16535,4975,236.214285714286,71.0714285714286,T
SRR3467060,SRR3467060.opsins.sam,0,8054,,Eulimnogammarus viridulus,23.3,0,172.832618025751,100,Lake Baikal,,Other Baikal 2,3048,5006,65.4077253218884,107.424892703863,T
SRR3467061,SRR3467061.opsins.sam,0,7372,,Eulimnogammarus vittatus,24.3,0,151.687242798354,100,Lake Baikal,,Other Baikal 2,4005,3367,82.4074074074074,69.2798353909465,T
SRR3467062,SRR3467062.opsins.sam,0,96,,Eulimnogammarus cruentus,14.4,0,3.33333333333333,101,Lake Baikal,,Other Baikal 2,68,28,2.36111111111111,0.972222222222222,T
SRR3467063,SRR3467063.opsins.sam,0,8046,,Eulimnogammarus cruentus,44.4,0,90.6081081081081,100,Lake Baikal,,Other Baikal 2,3624,4424,40.8108108108108,49.8198198198198,T
SRR3467064,SRR3467064.opsins.sam,0,23586,,Eulimnogammarus czerskii,36.5,0,323.095890410959,100,Lake Baikal,,Other Baikal 2,13535,10051,185.41095890411,137.684931506849,T
SRR3467065,SRR3467065.opsins.sam,0,25360,,Eulimnogammarus messerschmidtii,64.8,0,195.679012345679,100,Lake Baikal,,Other Baikal 2,9226,16152,71.1882716049383,124.62962962963,T
SRR3467066,SRR3467066.opsins.sam,0,14,,Eulimnogammarus sp. gam2quest,35.5,0,0.197183098591549,100,Lake Baikal,,Other Baikal 2,12,2,0.169014084507042,0.028169014084507,T
SRR3467067,SRR3467067.opsins.sam,0,27473,,Eulimnogammarus sp. gam16.4,18.4,0,746.548913043478,100,Lake Baikal,,Other Baikal 2,10246,17281,278.423913043478,469.592391304348,T
SRR3467068,SRR3467068.opsins.sam,0,5701,,Eulimnogammarus verrucosus,30.6,0,93.1535947712418,100,Lake Baikal,,Other Baikal 2,2739,2962,44.7549019607843,48.3986928104575,T
SRR3467070,SRR3467070.opsins.sam,0,14,,Garjajewia dershawini,14.5,0,0.482758620689655,100,Lake Baikal,,Other Baikal 2,11,3,0.379310344827586,0.103448275862069,T
SRR3467071,SRR3467071.opsins.sam,0,27285,,Gmelinoides fasciatus,40.1,0,340.211970074813,100,Lake Baikal,,Baikal 1,14832,12455,184.937655860349,155.299251870324,T
SRR3467072,SRR3467072.opsins.sam,0,9440,,Hyalellopsis carinata,28,0,168.571428571429,100,Lake Baikal,,Other Baikal 2,4151,5423,74.125,96.8392857142857,T
SRR3467073,SRR3467073.opsins.sam,0,1052,,Hyalellopsis costata,28,0,18.7857142857143,100,Lake Baikal,,Other Baikal 2,791,271,14.125,4.83928571428571,T
SRR3467074,SRR3467074.opsins.sam,0,18,,Hyalellopsis grisea,35,0,0.257142857142857,100,Lake Baikal,,Other Baikal 2,17,1,0.242857142857143,0.014285714285714,T
SRR3467075,SRR3467075.opsins.sam,0,3408,,Hyalellopsis setosa,16.8,0,101.428571428571,100,Lake Baikal,,Other Baikal 2,3289,119,97.8869047619048,3.54166666666667,T
SRR3467076,SRR3467076.opsins.sam,0,17401,,Hyalellopsis stebbingi,44.1,0,197.290249433107,100,Lake Baikal,,Other Baikal 2,12146,5301,137.709750566893,60.1020408163265,T
SRR3467077,SRR3467077.opsins.sam,0,21,,Macrohectopus branickii,37.8,0,0.277777777777778,100,Lake Baikal,,Baikal 1,12,9,0.158730158730159,0.119047619047619,T
SRR3467078,SRR3467078.opsins.sam,0,2,,Macropereiopus wagneri,8.7,0,0.114942528735632,101,Lake Baikal,,Other Baikal 2,2,0,0.114942528735632,0,T
SRR3467079,SRR3467079.opsins.sam,0,212,,Macropereiopus parvus,34.6,0,3.0635838150289,100,Lake Baikal,,Other Baikal 2,212,0,3.0635838150289,0,T
SRR3467080,SRR3467080.opsins.sam,0,29821,,Micruropus glaber,22.1,0,674.683257918552,100,Lake Baikal,,Other Baikal 2,24233,5590,548.257918552036,126.470588235294,T
SRR3467081,SRR3467081.opsins.sam,0,2551,,Micruropus parvulus,44.7,0,28.5346756152125,100,Lake Baikal,,Baikal 1,2540,11,28.4116331096197,0.123042505592841,T
SRR3467082,SRR3467082.opsins.sam,0,19220,,Linevichella vortex,35.8,0,268.435754189944,100,Lake Baikal,,Baikal 1,11285,7935,157.611731843575,110.824022346369,T
SRR3467083,SRR3467083.opsins.sam,0,37015,,Micruropus wahlii,40.7,0,454.72972972973,101,Lake Baikal,,Baikal 1,27211,9806,334.287469287469,120.46683046683,T
SRR3467084,SRR3467084.opsins.sam,0,5127,,Odontogammarus calcaratus,38.7,0,66.2403100775194,100,Lake Baikal,,Other Baikal 2,4992,135,64.4961240310078,1.74418604651163,T
SRR3467085,SRR3467085.opsins.sam,0,53,,Ommatogammarus albinus,41.4,0,0.640096618357488,100,Lake Baikal,,Other Baikal 2,37,16,0.446859903381643,0.193236714975845,T
SRR3467086,SRR3467086.opsins.sam,0,5285,,Ommatogammarus flavus,43,0,61.453488372093,100,Lake Baikal,,Other Baikal 2,5151,134,59.8953488372093,1.55813953488372,T
SRR3467087,SRR3467087.opsins.sam,0,100,,Pachyschesis branchialis,21.5,0,2.32558139534884,100,Lake Baikal,,Other Baikal 2,95,5,2.2093023255814,0.116279069767442,T
SRR3467088,SRR3467088.opsins.sam,0,16908,,Pachyschesis branchialis,19.5,0,433.538461538462,100,Lake Baikal,,Other Baikal 2,16906,2,433.48717948718,0.051282051282051,T
SRR3467089,SRR3467089.opsins.sam,0,64667,,Homalogammarus brandtii,20.1,0,1608.63184079602,100,Lake Baikal,,Other Baikal 2,44661,21036,1110.97014925373,523.283582089552,T
SRR3467090,SRR3467090.opsins.sam,0,32,,Pentagonurus dawydowi,56.7,0,0.282186948853616,100,Lake Baikal,,Other Baikal 2,19,13,0.167548500881834,0.114638447971781,T
SRR3467091,SRR3467091.opsins.sam,0,6143,,Pallasea cancelloides,38.2,0,80.4057591623037,101,Lake Baikal,,Other Baikal 2,1072,5073,14.0314136125654,66.4005235602094,T
SRR3467092,SRR3467092.opsins.sam,0,3935,,Pallasea cancelloides,36.4,0,54.0521978021978,101,Lake Baikal,,Other Baikal 2,727,3216,9.98626373626374,44.1758241758242,T
SRR3467093,SRR3467093.opsins.sam,0,29712,,Pallasea cancellus,48.7,0,305.051334702259,100,Lake Baikal,,Other Baikal 2,16745,12973,171.919917864476,133.193018480493,T
SRR3467094,SRR3467094.opsins.sam,0,27049,,Pallasea grubei,28.9,0,467.975778546713,100,Lake Baikal,,Other Baikal 2,8838,18215,152.906574394464,315.138408304498,T
SRR3467095,SRR3467095.opsins.sam,0,6,,Pallaseopsis kessleri,13.2,0,0.227272727272727,101,Lake Baikal,,Other Baikal 2,3,3,0.113636363636364,0.113636363636364,T
SRR3467096,SRR3467096.opsins.sam,0,52303,,Pallasea sp. gam7.3,38.1,0,686.391076115486,100,Lake Baikal,,Other Baikal 2,40512,12315,531.653543307087,161.614173228346,T
SRR3467098,SRR3467098.opsins.sam,0,2367,,Parapallasea borowskii,44.3,0,26.7155756207675,100,Lake Baikal,,Other Baikal 2,2365,2,26.6930022573363,0.022573363431151,T
SRR3467099,SRR3467099.opsins.sam,0,853,,Parapallasea wosnessenskii,38.4,0,11.1067708333333,100,Lake Baikal,,Other Baikal 2,834,19,10.859375,0.247395833333333,T
SRR3467100,SRR3467100.opsins.sam,0,5869,,Palicarinus puzyllii,28.4,0,103.327464788732,100,Lake Baikal,,Other Baikal 2,3939,1930,69.3485915492958,33.9788732394366,T
SRR3467101,SRR3467101.opsins.sam,0,60223,,Poekilogammarus pictoides,36,0,836.430555555556,100,Lake Baikal,,Other Baikal 2,34470,25791,478.75,358.208333333333,T
SRR3467102,SRR3467102.opsins.sam,0,14750,,Dorogostaiskia parasitica,20.4,0,361.519607843137,100,Lake Baikal,,Other Baikal 2,6841,7917,167.671568627451,194.044117647059,T
SRR5109804,SRR5109804.opsins.sam,9,4404,,Gammarus chevreuxi,25.8,0.174418604651163,85.3488372093023,101,Europe,,European,1127,3375,21.8410852713178,65.406976744186,T
SRR5576331,SRR5576331.opsins.sam,9,4388,,Gammarus minus,20.8,0.216346153846154,105.480769230769,100,Europe,,G. minus,3751,637,90.1682692307692,15.3125,T
SRR5576332,SRR5576332.opsins.sam,8,3938,,Gammarus minus,19.6,0.204081632653061,100.459183673469,100,Europe,,G. minus,3486,452,88.9285714285714,11.530612244898,T
SRR5576333,SRR5576333.opsins.sam,8,5287,,Gammarus minus,19.8,0.202020202020202,133.510101010101,100,Europe,,G. minus,4750,537,119.949494949495,13.5606060606061,T
SRR5576334,SRR5576334.opsins.sam,14,3985,,Gammarus minus,20.4,0.343137254901961,97.671568627451,100,Europe,,G. minus,3651,334,89.4852941176471,8.18627450980392,T
SRR5576335,SRR5576335.opsins.sam,3,1502,,Gammarus minus,20.1,0.074626865671642,37.363184079602,100,Europe,,G. minus,1216,286,30.2487562189055,7.11442786069652,T
SRR5576336,SRR5576336.opsins.sam,0,936,,Gammarus minus,12.3,0,38.0487804878049,100,Europe,,G. minus,761,175,30.9349593495935,7.11382113821138,F
SRR5576337,SRR5576337.opsins.sam,5,1170,,Gammarus minus,22.6,0.110619469026549,,100,Europe,,G. minus,963,207,21.3053097345133,4.57964601769911,T
SRR5576338,SRR5576338.opsins.sam,0,608,,Gammarus minus,20.9,0,,100,Europe,,G. minus,529,79,12.6555023923445,1.88995215311005,T
SRR8089730,SRR8089730.opsins.sam,49,19709,,Gammarus wautieri,40.1,0.610972568578554,,150,Europe,,European,5283,14426,65.8728179551122,179.875311720698,T
SRR8089732,SRR8089732.opsins.sam,0,1377,,Echinogammarus berilloni,40.2,0,,150,Europe,,European,4,1373,0.049751243781095,17.0771144278607,F
SRR8089734,SRR8089734.opsins.sam,16,1170,,Marinogammarus marinus,42.5,0.188235294117647,,150,Europe,,European,43,1133,0.505882352941176,13.3294117647059,F
SRX1736878,SRX1736878.opsins.sam,2,3045,,Gammarus lacustris,8.2,0.121951219512195,,100,Baikal region,,G. lacustris,508,2537,30.9756097560976,154.69512195122,T
SRX3651990,SRX3651990.opsins.sam,4,2677,,Gammarus lacustris,23.5,0.085106382978723,,150,Tibet,,G. lacustris,615,2062,13.0851063829787,43.8723404255319,T
SRX3651991,SRX3651991.opsins.sam,0,5103,,Gammarus lacustris,23.2,0,,150,Tibet,,G. lacustris,1329,3774,28.6422413793103,81.3362068965517,T
SRX3651992,SRX3651992.opsins.sam,0,1199,,Gammarus lacustris,23.3,0,,150,Tibet,,G. lacustris,269,930,5.7725321888412,19.9570815450644,T
SRX3655180,SRX3655180.opsins.sam,0,13036,,Gammarus pisinnus,29.7,0,,150,Tibet,,Gammarus pisinnus,5623,7413,94.6632996632997,124.79797979798,F
SRX3655181,SRX3655181.opsins.sam,0,11612,,Gammarus pisinnus,26.2,0,,150,Tibet,,Gammarus pisinnus,5559,6053,106.087786259542,115.515267175573,F
SRX3655182,SRX3655182.opsins.sam,0,6630,,Gammarus pisinnus,27.1,0,,150,Tibet,,Gammarus pisinnus,2642,3988,48.7453874538745,73.5793357933579,F
SRX4916610,SRX4916610.opsins.sam,97,13650,,Gammarus pulex,42.7,1.13583138173302,,150,Europe,,European,6759,6891,79.1451990632318,80.6908665105386,T
SRX4916611,SRX4916611.opsins.sam,59,8062,,Gammarus pulex,42.1,0.700712589073634,,150,Europe,,European,2989,5073,35.4988123515439,60.249406175772,T
SRX4916612,,,,,,,,,,,,European,,,,,F
SRX4916613,SRX4916613.opsins.sam,28,4679,,Gammarus fossarum,39.2,0.357142857142857,,150,Europe,truncated?,European,1833,2846,23.3801020408163,36.3010204081633,T
SRX4916614,SRX4916614.opsins.sam,60,24406,,Gammarus fossarum,42.6,0.704225352112676,,150,Europe,,European,7506,16900,88.0985915492958,198.356807511737,T
SRX4916615,SRX4916615.opsins.sam,18,2965,,Gammarus pulex,9.7,0.927835051546392,,150,Europe,truncated?,European,1519,1446,78.298969072165,74.5360824742268,T
SRX4916616,SRX4916616.opsins.sam,34,7868,,Gammarus pulex,44.6,0.381165919282511,,150,Europe,,European,3752,4116,42.0627802690583,46.1434977578475,T
